{"__type__":"cc.AnimationClip","_name":"fish30","_duration":1.3333333333333333,"sample":15,"wrapMode":2,"curveData":{"props":{"rotation":[{"frame":0,"value":-10},{"frame":0.6666666666666666,"value":10},{"frame":1.3333333333333333,"value":-10}]}}}